{"cameraMode":{"drawMode":0,"name":"Shaded","section":"Shading Mode"},"sceneLighting":false,"audioPlay":false,"sceneViewState":{"m_AlwaysRefresh":false,"showFog":true,"showSkybox":false,"showFlares":true,"showImageEffects":true,"showParticleSystems":true,"showVisualEffectGraphs":true,"m_FxEnabled":true},"in2DMode":false,"pivot":{"x":1.3736002445220948,"y":3.903130054473877,"z":-0.4552344083786011},"rotation":{"x":0.11294712871313095,"y":-0.7584947347640991,"z":0.13556154072284699,"w":0.6279228329658508},"size":1.2623403072357178,"orthographic":false}