{"cameraMode":{"drawMode":0,"name":"Shaded","section":"Shading Mode"},"sceneLighting":false,"audioPlay":false,"sceneViewState":{"m_AlwaysRefresh":false,"showFog":true,"showSkybox":false,"showFlares":true,"showImageEffects":true,"showParticleSystems":true,"showVisualEffectGraphs":true,"m_FxEnabled":true},"in2DMode":false,"pivot":{"x":3.2932848930358888,"y":1.2199604511260987,"z":6.28511905670166},"rotation":{"x":0.0006573771825060248,"y":-0.9980753660202026,"z":0.0017703019548207522,"w":0.06756648421287537},"size":1.2623403072357178,"orthographic":false}